canary_exposure,canary_rank,canary_ppl
17.609640474436812,5,6378.419821088317
