canary_exposure,canary_rank,canary_ppl
0.1683416111717264,889865,15589.974735170967
