canary_exposure,canary_rank,canary_ppl
0.18961448171056006,876840,15844.391219023653
